Commit,Message,Date,Version,Module,Methods,Stable,Partial,Unstable,Any,Vararg,Generic,TcFail,NoFuel
9af5edd0,"Merge pull request #2022 from JuliaPlots/sd-toml","2019-05-10 17:39:45 +0200",0.0.0,Plots,1566,446,189,122,367,219,207,2,14
bbf8b50a,"Merge pull request #2043 from yha/colorbar-warn-less","2019-06-02 19:30:00 +0200",0.25.1,Plots,1568,445,189,124,368,219,207,2,14
94841669,"Merge pull request #2060 from daschw/gr_arrow","2019-06-12 23:02:12 +0200",0.25.1,Plots,1569,446,189,124,368,219,207,2,14
7cf223a5,"Merge pull request #2063 from yha/segments-fix","2019-06-13 16:07:58 +0200",0.25.1,Plots,1570,447,189,124,368,219,207,2,14
cd1ee47a,"Merge pull request #2061 from daschw/ratio","2019-06-14 17:36:54 +0200",0.25.1,Plots,1570,451,189,117,371,219,207,2,14
552024ff,"Merge pull request #2074 from daschw/pyplot-gradient","2019-06-26 15:17:59 +0200",0.25.1,Plots,1574,451,189,118,374,219,207,2,14
538135bc,"Merge pull request #2075 from yha/missing-in-matrix","2019-06-27 11:22:35 +0200",0.25.1,Plots,1571,451,188,118,375,219,204,2,14
bb0e783c,"Merge pull request #2082 from yha/point-recipe-fix","2019-07-01 22:02:52 +0200",0.25.2,Plots,1567,455,188,118,375,219,196,2,14
64e035c5,"Merge pull request #2090 from daschw/areaplot","2019-07-04 13:45:52 +0200",0.25.3,Plots,1573,455,188,118,375,225,196,2,14
84c5b675,"Merge pull request #2035 from wfrgra/date_period_recipes","2019-07-18 11:37:15 +0200",0.26.0,Plots,1574,455,188,118,376,225,196,2,14
8306619f,"Merge pull request #2109 from yha/datetime-fix","2019-07-25 15:49:14 +0200",0.26.0,Plots,1573,455,188,118,375,225,196,2,14
78785fa8,"Merge pull request #2110 from yha/convertToAny","2019-07-31 00:33:39 +0300",0.26.0,Plots,1571,452,190,118,376,224,194,2,15
2ef692c6,"Merge pull request #2125 from daschw/plotly-html","2019-08-07 09:11:36 +0200",0.26.0,Plots,1572,453,190,118,376,224,194,2,15
0deb7038,"Merge pull request #2124 from daschw/chars","2019-08-07 09:19:53 +0200",0.26.0,Plots,1574,453,190,118,377,224,194,2,16
96e1b1d1,"Merge pull request #2131 from daschw/plotlyjs","2019-08-08 17:08:02 +0200",0.26.1,Plots,1577,455,190,118,378,224,194,2,16
3dcc7e55,"Merge pull request #2135 from yha/char-recipe","2019-08-11 18:37:31 +0300",0.26.1,Plots,1575,455,190,118,377,224,194,2,15
17e59dae,"Merge pull request #2139 from yha/ribbons","2019-08-13 17:06:06 +0300",0.26.1,Plots,1580,456,192,118,379,224,194,2,15
75ac34b7,"Merge pull request #2141 from benchislett/handle-empty-anim","2019-08-14 10:38:51 +0300",0.26.1,Plots,1580,457,192,118,379,224,194,2,14
ff774dc4,"Merge pull request #2159 from daschw/legendtitlefont","2019-08-27 09:11:07 +0200",0.26.2,Plots,1581,458,192,118,379,224,194,2,14
1db3b694,"Merge pull request #2162 from daschw/any","2019-08-28 23:24:24 +0200",0.26.2,Plots,1581,458,187,118,385,224,194,2,13
85e2534e,"Merge pull request #2165 from yha/yha-any","2019-08-30 11:38:25 +0300",0.26.2,Plots,1581,458,187,118,385,224,192,4,13
6c68b6f6,"Merge pull request #2178 from daschw/pgfplots-vline","2019-09-09 14:37:13 +0200",0.26.3,Plots,1584,458,187,118,388,224,192,4,13
99293ba5,"Merge pull request #2210 from InfiniteChai/is/fractional_fps","2019-10-11 12:55:07 +0200",0.27.0,Plots,1586,458,188,118,389,224,192,4,13
a76e756f,"Merge pull request #2186 from JuliaPlots/as/fix-ribbon-2tuple-dispatch","2019-10-13 19:23:12 +0200",0.27.0,Plots,1586,457,188,118,390,224,192,4,13
6b0e45c4,"Merge pull request #2230 from daschw/colorbar","2019-10-29 09:12:07 +0100",0.27.0,Plots,1586,458,187,119,390,223,192,4,13
63cd8658,"Merge pull request #2234 from lmh91/lmh_gr_nonuniform_heatmap","2019-11-06 15:55:54 +0100",0.27.0,Plots,1589,458,190,119,390,223,192,4,13
eab50911,"Merge pull request #2236 from yha/inf-nan","2019-11-12 15:16:33 +0200",0.27.0,Plots,1589,458,191,119,389,223,192,4,13
2245e572,"Merge pull request #2250 from yhls/yhls/precompile","2019-11-14 19:24:47 +0100",0.27.0,Plots,1590,459,191,119,389,223,192,4,13
12efedf3,"Merge pull request #2274 from daschw/deps","2019-11-27 11:15:52 +0100",0.27.2,Plots,1587,468,187,123,383,223,192,4,7
ca0c78fe,"Merge pull request #2284 from daschw/release","2019-11-27 11:32:50 +0100",0.28.0,Plots,1592,459,189,124,381,222,208,2,7
7e54cd43,"Merge pull request #2286 from daschw/colorgradient","2019-11-27 19:42:09 +0100",0.28.1,Plots,1592,458,189,124,382,222,208,2,7
e903514f,"Merge pull request #2252 from BeastyBlacksmith/pgfplotsx","2019-11-29 22:06:09 +0100",0.28.1,Plots,1607,472,190,124,382,222,208,2,7
93d7e53f,"Merge pull request #2289 from daschw/deps","2019-11-30 13:28:28 +0100",0.28.1,Plots,1606,472,190,124,381,222,208,2,7
172193e7,"Merge pull request #2292 from daschw/orca","2019-11-30 17:11:48 +0100",0.28.1,Plots,1606,471,190,125,381,222,208,2,7
374809d3,"gr: optimize 'heatmap' logic","2019-12-03 17:50:40 +0100",0.28.2,Plots,1607,471,190,125,382,222,208,2,7
589713cb,"Merge remote-tracking branch 'upstream/master'","2019-12-03 21:25:42 +0100",0.28.2,Plots,1613,471,190,125,388,222,208,2,7
3459bcd8,"Merge pull request #2304 from michakraus/master","2019-12-07 11:04:13 +0100",0.28.2,Plots,1614,471,191,125,388,222,208,2,7
140afeb5,"Merge pull request #2320 from korsbo/layout_colon","2019-12-12 09:35:56 +0100",0.28.3,Plots,1619,474,192,125,391,222,206,2,7
82479d48,"Merge pull request #2325 from daschw/axes-3d","2019-12-13 23:48:25 +0100",0.28.3,Plots,1624,475,192,126,394,222,206,2,7
dd70192d,"Merge pull request #2354 from BeastyBlacksmith/pgfplotsx","2020-01-10 22:26:19 +0100",0.28.5,Plots,1625,475,192,126,394,222,207,2,7
d709b53e,"Merge pull request #2370 from jheinen/master","2020-01-27 16:56:20 +0100",0.28.5,Plots,1627,476,192,126,395,222,207,2,7
33553eb0,"update version and dep of RecipesBase","2020-02-06 12:08:35 +0100",0.29.0,Plots,1640,466,199,125,411,222,207,2,8
20a29079,"Merge pull request #2388 from daschw/akw","2020-02-09 09:26:00 +0100",0.29.0,Plots,1640,455,208,126,411,222,207,2,9
0c0a2c21,"Merge pull request #2396 from GaaH/add-txt-extension","2020-02-12 09:12:42 +0100",0.29.1,Plots,1642,455,210,126,411,222,207,2,9
3221b80a,"Merge pull request #2402 from yha/gr-scientific-ticks","2020-02-17 16:58:04 +0200",0.29.1,Plots,1644,455,210,126,413,222,207,2,9
a301366e,"Merge remote-tracking branch 'upstream/master'","2020-03-07 10:53:02 +0100",0.29.6,Plots,1644,464,207,125,419,225,191,4,9
2849082f,"Merge remote-tracking branch 'upstream/master'","2020-03-19 10:35:14 +0100",0.29.8,Plots,1645,464,208,125,419,225,191,4,9
c94746f3,"Merge remote-tracking branch 'upstream/master'","2020-03-24 10:41:52 +0100",0.29.8,Plots,1649,464,210,125,421,225,191,4,9
d9dba509,"Merge remote-tracking branch 'upstream/master'","2020-03-26 12:57:48 +0100",0.29.8,Plots,1638,459,205,125,424,225,187,4,9
1c66f4bf,"Merge remote-tracking branch 'upstream/master'","2020-03-29 10:45:41 +0200",0.29.9,Plots,1649,459,205,126,434,226,186,2,11
a6aa39e3,"Merge remote-tracking branch 'upstream/master'","2020-03-30 10:37:53 +0200",0.29.9,Plots,1648,458,205,126,434,226,186,2,11
c3a9eb88,"Merge remote-tracking branch 'upstream/master'","2020-03-31 11:50:03 +0200",0.29.9,Plots,1648,458,205,126,433,226,187,2,11
5f744dac,"Merge remote-tracking branch 'upstream/master'","2020-04-02 17:31:20 +0200",0.29.9,Plots,1653,458,206,125,439,226,186,2,11
03a27994,"Merge remote-tracking branch 'upstream/master'","2020-04-11 09:42:47 +0200",1.0.8,Plots,1544,445,196,115,372,223,178,2,13
fe0858eb,"Merge pull request #2597 from daschw/annotations","2020-04-18 19:26:31 +0200",1.0.11,Plots,1546,445,197,115,372,225,176,2,14
08c0f6d9,"Merge pull request #2612 from daschw/savefig","2020-04-23 00:01:58 +0200",1.0.14,Plots,1545,445,196,115,372,225,176,2,14
5739acd0,"Merge pull request #2624 from daschw/default","2020-04-24 20:28:55 +0200",1.0.14,Plots,1545,445,195,115,373,225,176,2,14
703bdf6c,"Merge pull request #2564 from daschw/colorschemes","2020-04-24 22:16:14 +0200",1.1.0,Plots,1554,435,198,120,382,225,176,2,16
47a8294d,"Merge pull request #2637 from daschw/const","2020-04-26 22:13:11 +0200",1.1.2,Plots,1558,435,198,119,387,225,176,2,16
2b1673df,"Merge pull request #2643 from daschw/legendmarker","2020-04-28 21:17:10 +0200",1.1.2,Plots,1559,435,198,119,388,225,176,2,16
8976fc4a,"Merge pull request #2644 from daschw/pie","2020-04-28 22:01:42 +0200",1.1.2,Plots,1558,434,198,119,388,225,176,2,16
dfb55633,"Merge pull request #2662 from daschw/plotarea","2020-05-03 15:54:56 +0200",1.2.0,Plots,1566,427,198,125,397,225,176,2,16
56f90ffa,"Merge pull request #2663 from dietercastel/webm","2020-05-03 19:28:49 +0200",1.2.0,Plots,1570,429,198,125,399,225,176,2,16
3273a658,"Merge pull request #2657 from mileslucas/climsfunc","2020-05-05 08:18:07 +0200",1.2.1,Plots,1576,430,199,125,403,225,176,2,16
6ddf31d4,"Merge pull request #2673 from komi1230/master","2020-05-05 20:50:40 +0200",1.2.2,Plots,1575,430,199,125,402,225,176,2,16
1e9691a7,"Add support for mathjax (latex) and extra_plot_kwargs in plotly backend (#2719)","2020-05-21 12:32:25 +0200",1.3.1,Plots,1577,429,199,126,402,227,176,2,16
2e53c571,"bump GR version","2020-05-29 16:49:51 +0200",1.3.3,Plots,1577,430,198,123,402,227,176,2,19
4d8ea50f,"Merge pull request #2754 from daschw/current-stable","2020-06-04 00:24:19 +0200",1.3.6,Plots,1577,431,197,123,402,227,176,2,19
54671c15,"Merge pull request #2751 from isentropic/plotly-legends","2020-06-04 11:42:20 +0200",1.3.6,Plots,1578,432,197,123,402,227,176,2,19
f2d7d394,"Merge pull request #2760 from daschw/gr-heatmap","2020-06-05 19:55:16 +0200",1.3.7,Plots,1580,432,197,123,404,227,176,2,19
a992effa,"scalefontsize fixed (#2765)","2020-06-09 15:37:39 +0900",1.3.7,Plots,1581,433,197,123,404,227,176,2,19
c2df99cc,"remove showgradient and showlibrary (#2769)","2020-06-09 08:38:43 +0200",1.3.7,Plots,1569,433,197,123,404,215,176,2,19
d6af1da3,"Fix #2771: Add aliases (#2791)","2020-06-17 18:22:01 +0545",1.4.2,Plots,1570,434,197,123,404,215,176,2,19
065089a1,"Merge pull request #2832 from daschw/snoopibot","2020-07-01 09:16:54 +0200",1.5.0,Plots,1569,433,197,123,404,215,176,2,19
079152a6,"Merge pull request #2839 from daschw/precompile","2020-07-02 14:39:20 +0200",1.5.1,Plots,1571,434,197,124,404,215,176,2,19
e3512b0f,"Add label for `label=0` kwarg (#2837)","2020-07-02 20:02:37 +0530",1.5.1,Plots,1576,434,197,124,409,215,176,2,19
bece65e9,"Update Project.toml","2020-07-15 21:17:25 +0200",1.5.4,Plots,1576,435,198,125,409,215,176,2,16
bf85afe9,"unite titlefonts (#2363)","2020-08-13 11:31:17 +0200",1.5.9,Plots,1580,437,198,125,411,215,176,2,16
e2c38789,"Add :mesh3d series type for Plotly (#2909)","2020-08-14 14:26:16 +0200",1.5.9,Plots,1584,437,198,125,411,219,176,2,16
0230e29c,"Merge pull request #2898 from yha/tick-format","2020-08-26 18:33:43 +0300",1.6.1,Plots,1585,437,198,128,409,219,176,2,16
b7fedc42,"Merge pull request #2940 from daschw/marker-segments","2020-08-31 20:57:38 +0200",1.6.2,Plots,1586,437,198,129,409,219,176,2,16
52cb6fbd,"Merge pull request #2958 from yha/txt-no-prepare","2020-09-07 19:05:37 +0300",1.6.3,Plots,1585,436,198,129,409,219,176,2,16
49555ecc,"Letterswap (#2979)","2020-09-16 14:37:26 +0200",1.6.4,Plots,1586,436,198,129,410,219,176,2,16
ab0cfd09,"Merge pull request #2960 from daschw/gr-cleanup","2020-09-19 10:55:04 +0300",1.6.5,Plots,1623,436,198,127,449,219,176,2,16
bf8b8289,"Merge pull request #2998 from daschw/gr-ticks","2020-09-21 22:19:20 +0200",1.6.5,Plots,1624,436,198,127,450,219,176,2,16
e932c76d,"Merge pull request #2962 from Moelf/master","2020-09-25 09:47:27 +0200",1.6.6,Plots,1625,436,198,127,451,219,176,2,16
23b852da,"Merge pull request #3030 from daschw/plotly-3d","2020-10-03 13:40:45 +0200",1.6.8,Plots,1627,436,198,127,453,219,176,2,16
1784d617,"Merge pull request #3033 from daschw/minor-fixes","2020-10-06 00:34:23 +0200",1.6.8,Plots,1627,436,200,127,453,219,174,2,16
c15483d5,"Merge pull request #3056 from daschw/transpose_z","2020-10-12 22:21:10 +0200",1.6.10,Plots,1624,436,198,127,452,219,174,2,16
842b8fa7,"add add_attributes macro (#3069)","2020-10-20 17:53:44 +0200",1.6.12,Plots,1627,437,198,127,454,219,174,2,16
8ce603d3,"Merge pull request #3097 from daschw/gr-clims","2020-10-24 21:13:25 +0200",1.7.3,Plots,1628,437,198,127,454,220,174,2,16
d89b93fe,"Merge pull request #3109 from daschw/compilebot","2020-10-31 13:24:00 +0100",1.7.3,Plots,1626,436,198,126,454,220,174,2,16
3725a8d3,"Merge pull request #3115 from daschw/inference","2020-11-09 23:05:03 +0100",1.7.3,Plots,1624,437,198,127,451,219,174,2,16
c857d594,"Merge pull request #3169 from JuliaPlots/Test_SnoopCompile_AutoPR_refs/heads/master","2020-11-27 18:30:58 +0100",1.9.1,Plots,1622,436,198,126,451,219,174,2,16
c64bbf82,"Merge pull request #3191 from daschw/datetimelims","2020-12-31 09:20:52 +0100",1.10.0,Plots,1622,439,201,126,451,219,168,2,16
93825e2c,"Merge pull request #3201 from JuliaPlots/compathelper/new_version/2020-12-26-00-35-02-072-2106613790","2020-12-31 09:21:30 +0100",1.10.0,Plots,1624,439,201,128,451,219,168,2,16
8a2a41f7,"Merge pull request #3242 from KristofferC/kc/reenable_precompilation","2021-01-25 16:39:18 +0000",1.10.1,Plots,1626,440,201,129,451,219,168,2,16
880190ce,"Merge pull request #3246 from aminya/Single_CompileBot","2021-01-26 10:30:58 +0000",1.10.1,Plots,1624,439,201,128,451,219,168,2,16
52ba52f4,"Merge pull request #3249 from JuliaPlots/Test_SnoopCompile_AutoPR_refs/heads/master","2021-01-26 20:17:19 +0000",1.10.1,Plots,1626,440,201,129,451,219,168,2,16
e06a51b4,"Merge pull request #3299 from fhagemann/master","2021-02-16 21:54:58 +0100",1.10.4,Plots,1629,440,204,129,451,219,168,2,16
6201dfe5,"Merge pull request #3324 from gustaphe/legendangle","2021-03-06 12:37:35 +0100",1.10.6,Plots,1641,442,207,129,455,219,171,2,16
796f9ef4,"Merge pull request #3354 from JuliaPlots/Test_SnoopCompile_AutoPR_refs/heads/master","2021-03-18 22:10:22 +0100",1.10.6,Plots,1642,443,207,129,455,219,171,2,16
c0824bdc,"Colorbar enhancements (#3346)","2021-03-25 11:22:07 +0900",1.11.0,Plots,1651,443,207,130,458,221,174,2,16
0a84ff8c,"Merge pull request #3377 from mmikhasenko/master","2021-03-28 21:29:04 +0200",1.11.0,Plots,1655,443,207,130,462,221,174,2,16
8cf268a3,"Add ticks getter functions (#3435)","2021-04-23 16:52:17 +1000",1.13.0,Plots,1663,445,207,136,462,221,174,2,16
e3d13aa1,"Merge pull request #3436 from gustaphe/master","2021-04-28 18:40:57 +0200",1.13.2,Plots,1663,428,208,137,462,221,174,2,31
61f2d825,"Merge pull request #3468 from yha/several-nans-fix","2021-05-11 17:56:33 +0300",1.14.0,Plots,1664,428,208,137,463,221,174,2,31
ce530ef5,"fix vector of shapes (#3517)","2021-05-20 20:42:31 +0200",1.15.1,Plots,1664,428,208,136,463,221,174,2,32
019a742c,"Respect :widen when passing :lims (#3552)","2021-06-07 11:46:49 -0700",1.16.3,Plots,1664,427,208,137,463,221,174,2,32
203af856,"embeddable_html (#3559)","2021-06-09 09:01:40 +0200",1.16.3,Plots,1665,428,208,137,463,221,174,2,32
2b22dae7,"Handle matrices of annotations and copy for `plot(plots)` (#3572)","2021-06-17 09:29:39 +0200",1.16.5,Plots,1670,428,210,137,464,223,174,2,32
bba971f7,"GR: fix axis flip / mirror in 3D plots (#3584)","2021-06-30 22:50:09 +0200",1.16.7,Plots,1671,429,210,137,464,223,174,2,32
0122d706,"Merge pull request #3601 from t-bltg/warn_log","2021-07-05 12:13:36 +0200",1.16.8,Plots,1672,429,210,137,465,223,174,2,32
09356ee3,"Merge pull request #3609 from t-bltg/simplify_layouts","2021-07-05 12:50:14 +0200",1.16.8,Plots,1671,428,210,137,465,223,174,2,32
db7420fd,"fix dispatches for `plot` and `plot!` (#3602)","2021-07-05 13:25:20 +0200",1.16.8,Plots,1673,428,210,137,465,225,174,2,32
e58fdf97,"Gnuplot (GASTON) backend testing (#3177)","2021-07-06 00:52:59 +0900",1.17.0,Plots,1688,441,211,138,465,225,174,2,32
798de8b1,"add the plot_title (#2690)","2021-07-14 15:45:53 +0200",1.18.2,Plots,1689,441,211,138,466,225,174,2,32
878e5901,"Merge pull request #3661 from t-bltg/rng","2021-07-23 19:50:54 +0200",1.19.3,Plots,1690,441,211,138,466,226,174,2,32
80748eb5,"Merge pull request #3735 from JuliaPlots/t-bltg-patch-1","2021-07-31 21:13:59 +0200",1.19.4,Plots,1689,441,211,138,465,226,174,2,32
508c4789,"Merge pull request #3634 from t-bltg/annotate","2021-08-02 17:28:30 +0200",1.19.4,Plots,1696,444,211,138,469,226,174,2,32
c171cd0c,"Merge pull request #3745 from t-bltg/mesh3d","2021-08-03 20:57:45 +0200",1.20.0,Plots,1697,444,211,138,470,226,174,2,32
40b5df38,"Merge pull request #3743 from t-bltg/ann","2021-08-03 20:58:12 +0200",1.20.0,Plots,1698,446,211,138,471,224,174,2,32
52ec432c,"Plotly: Enable specified contour values for ranges; warn otherwise (#3757)","2021-08-25 12:40:54 +0100",1.20.1,Plots,1699,446,211,138,472,224,174,2,32
ded80847,"Add hatched fill for GR and PyPlot (#3107)","2021-08-26 07:55:56 -0700",1.21.0,Plots,1703,448,211,138,474,224,174,2,32
70b635db,"Cache axis args in a dictionary (#3775)","2021-08-31 15:36:58 -0400",1.21.2,Plots,1705,450,211,138,474,224,174,2,32
0a9d30f7,"Fix invalid axes aliases (#3803)","2021-09-14 18:00:23 +0200",1.21.3,Plots,1706,450,211,138,474,225,174,2,32
4f8a265c,"Fix generic aliases (#3824)","2021-09-17 21:43:26 +0200",1.22.0,Plots,1707,450,211,138,474,226,174,2,32
866cb0c3,"Add `:mesh3d` seriesstyle for PyPlot backend (#3835)","2021-09-22 17:12:11 +0200",1.22.1,Plots,1708,450,211,138,475,226,174,2,32
6fa3dae1,"Fix type inference failure in `get_clims` (#3838)","2021-09-22 13:18:57 -0400",1.22.1,Plots,1708,452,211,136,475,226,174,2,32
405bc082,"Speed up `get_clims` (#3839)","2021-09-27 08:01:18 -0400",1.22.2,Plots,1709,454,211,136,474,226,174,2,32
aca2aa49,"Generalize GR tick label rotations (#3782)","2021-10-05 07:44:12 -0400",1.22.3,Plots,1710,454,211,136,475,226,174,2,32
d74ee637,"Fix for regression with colorbar limits (#3874)","2021-10-12 14:18:12 -0400",1.22.4,Plots,1713,454,211,136,478,226,174,2,32
12a1d835,"Use `GR.polygonmesh3d` for `:mesh3d` seriestype (#3868)","2021-10-13 11:35:06 +0200",1.22.5,Plots,1715,455,211,136,479,226,174,2,32
3b0950f9,"Fix vector attributes to bar plots (#3751)","2021-10-19 22:21:20 +0300",1.22.6,Plots,1716,455,211,136,480,226,174,2,32
2e67e843,"Legend overhaul including horizontal legends (#2854)","2021-10-22 15:09:14 +0200",1.22.7,Plots,1717,455,211,137,480,226,174,2,32
d1309c6c,"Fix LaTeXStrings support for `UnicodePlots` and `InspectDR` (#3879)","2021-11-03 09:22:37 +0100",1.23.3,Plots,1719,455,212,137,481,226,174,2,32
e9ae75df,"Fix setting of legend font via `legend_font` (#3934)","2021-11-11 09:48:29 +0100",1.23.5,Plots,1720,454,212,138,482,226,174,2,32
e471ce8d,"rework layout macro to use Base types (#3943)","2021-11-25 11:40:25 +0100",1.23.6,Plots,1713,449,214,138,479,226,174,2,31
6baa1202,"fix transposing in plotlyjs (#3953)","2021-11-26 09:59:44 +0100",1.24.1,Plots,1713,448,214,139,479,226,174,2,31
79cf62cf,"Upgrade plotly.js to v2.6.3 (#3958)","2021-12-01 20:45:23 +0800",1.24.3,Plots,1713,449,214,138,479,226,174,2,31
3405d299,"Versioned precompile script - drop 1.5 - support 1.6 and 1.7 (#3972)","2021-12-02 11:38:45 +0100",1.24.4,Plots,1710,447,214,137,479,226,174,2,31
95d1fa00,"Set max_methods=1 (#4010)","2021-12-29 07:31:29 -0500",1.25.3,Plots,1710,427,213,158,479,226,174,2,31
2896c5a2,"Rework `warn_on_unsupported` (#4081)","2022-01-28 15:32:15 +0100",1.25.7,Plots,1711,427,213,159,479,226,174,2,31
e3ea9719,"Precompilation statements for `nightly` (#4082)","2022-01-28 22:00:26 +0100",1.25.7,Plots,1713,429,213,159,479,226,174,2,31
d342672d,"Allow  `color` on txt io (#4102)","2022-02-17 22:33:09 +0100",1.25.10,Plots,1714,430,209,163,479,226,174,2,31
ed9f0bca,"Update precompile_*.jl file [skip ci] (#4101)","2022-02-18 13:55:22 +0100",1.25.10,Plots,1712,428,209,163,479,226,174,2,31
95fd48ed,"Bbs/legendfontx (#4119)","2022-02-26 17:26:14 +0100",1.25.11,Plots,1711,428,209,163,478,226,174,2,31
092fb670,"Actually check if the loaded backend version mets the compat entries (#4137)","2022-03-11 10:49:40 +0100",1.26.0,Plots,1712,430,209,162,478,226,174,2,31
02d08beb,"improve coverage (#4155)","2022-03-27 01:42:05 +0100",1.27.3,Plots,1711,430,209,162,478,226,174,2,30
616d7247,"Add version check for `1.8` precompiles (#4179)","2022-04-14 07:32:59 -0400",1.27.5,Plots,1713,432,209,162,478,226,174,2,30
9e34ed03,"add permute, deprecate orientation (#4164)","2022-05-05 15:15:56 +0200",1.29.0,Plots,1714,432,209,162,479,226,174,2,30
6938f8d2,"Fix handling of multi-series `series_annotations` (#4225)","2022-06-07 02:26:55 -0500",1.29.0,Plots,1715,432,209,162,479,227,174,2,30
e39856ef,"Even faster series adding (#4235)","2022-06-14 10:24:57 -0400",1.30.0,Plots,1718,432,209,164,480,227,174,2,30
582bc72b,"Merge pull request #4241 from JuliaPlots/bbs/fix-gr-is3d","2022-06-17 08:22:37 +0200",1.30.0,Plots,1719,432,209,164,481,227,174,2,30
a4d8ccfd,"update `UnicodePlots` to `3.0.0` - coverage (#4250)","2022-06-24 18:35:50 +0200",1.30.2,Plots,1720,438,208,165,482,227,164,2,34
fa173762,"fix `mesh3d_triangles` (#4251)","2022-06-25 00:28:32 +0200",1.31.0,Plots,1718,437,208,165,481,227,164,2,34
85e38750,"fix annotations (#4265)","2022-07-09 20:43:03 +0200",1.31.1,Plots,1739,437,224,165,481,232,164,2,34
6c622e09,"annotations at discrete locations - doc update (#4145)","2022-07-13 02:55:32 +0300",1.31.2,Plots,1741,437,224,165,483,232,164,2,34
fe8f2b07,"Warning on bad lims argument (#3989)","2022-07-14 17:02:04 +0300",1.31.2,Plots,1746,439,225,165,485,232,164,2,34
afed6f96,"add `apng` animation support (#4295)","2022-08-06 18:24:11 +0200",1.31.5,Plots,1751,441,225,165,486,234,164,2,34
4953a3de,"output: support `io` methods (#4301)","2022-08-07 20:17:48 +0200",1.31.5,Plots,1769,441,243,165,486,234,164,2,34
307fbbd5,"Add tests, fix annotate! API (#4307)","2022-08-13 12:00:33 -0400",1.31.6,Plots,1771,441,243,165,486,236,164,2,34
7dcda22e,"filepath type agnostic `savefig` (#4309)","2022-08-16 18:34:15 +0200",1.31.7,Plots,1771,440,229,159,508,236,164,2,33
1a95d8b6,"3d: add `projection_type` - consistency backends (#4320)","2022-09-02 10:05:51 +0200",1.31.7,Plots,1774,442,229,160,509,236,163,2,33
8ea45ff5,"Extended help to show all attributes (#4343)","2022-09-09 16:07:57 +0200",1.32.0,Plots,1775,442,229,160,510,236,163,2,33
f2cb2aa8,"Remove GeometryBasics/StaticArrays (#4287)","2022-09-12 10:51:04 -0400",1.32.1,Plots,1775,444,227,160,510,236,163,2,33
3f44fe17,"fix setting default font via `font` (#4344)","2022-09-12 20:24:39 +0200",1.33.0,Plots,1778,445,228,160,511,236,163,2,33
1df65c0d,"add fuzzy finding attributes (#4346)","2022-09-15 10:02:39 +0200",1.33.0,Plots,1778,444,228,161,511,236,163,2,33
e104a613,"rework `gr_draw_markers` for 3d - fix ticks labels (flip) (#4356)","2022-09-17 12:05:06 +0200",1.33.0,Plots,1777,444,228,161,510,236,163,2,33
afa40954,"precompile using `SnoopPrecompile` (#4334)","2022-09-20 18:16:43 +0200",1.33.0,Plots,1831,498,228,161,510,236,163,2,33
ef4a7a62,"unify shorthands (#4361)","2022-09-21 09:38:36 +0200",1.33.0,Plots,1857,499,234,164,510,244,171,2,33
cf1a0c28,"Provide errorbars as callable recipes (#4362)","2022-09-21 13:13:26 +0200",1.33.0,Plots,1869,499,233,165,510,256,171,2,33
e0c58fbe,"integrate `UnitfulRecipes` into `Plots` (#4371)","2022-09-27 08:52:52 +0200",1.34.1,Plots,1871,501,233,165,510,256,171,2,33
ee8403c4,"fix `windows` precompilation on julia `1.8.2` (#4406)","2022-10-01 00:22:31 +0200",1.34.4,Plots,1869,499,233,165,510,256,171,2,33
31d73df9,"reduce allocations in `slice_arg!` (#4411)","2022-10-02 05:14:14 -0400",1.35.0,Plots,1870,500,233,165,510,256,171,2,33
2823d498,"`Unitful`: fix ticks and lims (#4414)","2022-10-03 06:48:03 +0200",1.35.0,Plots,1870,497,232,165,514,256,171,2,33
bc0bab1f,"scaling axis limits by manual factor (#4367)","2022-10-04 11:03:36 +0300",1.35.0,Plots,1876,497,232,166,519,256,171,2,33
97cf4dab,"use `circshift` (#4449)","2022-10-08 12:56:14 +0200",1.35.3,Plots,1875,497,232,166,518,256,171,2,33
4366f8ae,"quality test using `Aqua` - simplifications - cov - tests (#4456)","2022-10-17 15:24:22 +0200",1.35.3,Plots,1856,498,229,165,511,254,162,3,34
ed716d3f,"bump coverage (#4458)","2022-10-17 21:19:02 +0200",1.35.3,Plots,1854,497,229,165,510,254,162,3,34
679f8064,"bump coverage (#4461)","2022-10-18 17:42:05 +0200",1.35.3,Plots,1849,495,228,164,510,254,161,3,34
62cdae8e,"fix `nightly` - bump cov (#4466)","2022-10-21 02:02:56 +0200",1.35.4,Plots,1850,496,229,164,509,254,161,3,34
a3eb29e7,"bump cov - more `PyPlot` exs - more tests (#4469)","2022-10-21 12:32:03 +0200",1.35.4,Plots,1848,496,229,164,509,254,159,3,34
cb37b577,"restore non-allocating gen - bump coverage - various fixes (#4470)","2022-10-23 16:24:47 +0200",1.35.5,Plots,1852,495,236,166,507,253,158,3,34
d37774f7,"bump coverage (#4472)","2022-10-23 20:13:24 +0200",1.35.5,Plots,1849,495,236,166,504,253,158,3,34
11163db5,"simplify `GRViewport` (#4480)","2022-10-30 12:26:27 +0100",1.35.5,Plots,1847,497,233,167,502,253,158,3,34
ebfa9d91,"add `twiny` - fix `twinx` bugs (#4488)","2022-11-01 21:10:25 +0100",1.35.6,Plots,1860,498,233,170,509,255,158,3,34
cf45fea0,"`gr`: support horizontal legends (#4496)","2022-11-07 15:44:13 +0100",1.35.8,Plots,1866,500,233,170,514,254,158,3,34
368e807a,"baseline fix for `bar` plots using log scales (#4503)","2022-11-09 11:14:59 +0100",1.36.0,Plots,1872,501,233,170,517,254,160,3,34
001b2f67,"allow `Tuple`s for `margin`s (#4523)","2022-11-17 20:23:20 +0100",1.36.1,Plots,1873,502,233,170,517,254,160,3,34
b55345f8,"rework auto-gen'ed docstrings & arg desc (#4525)","2022-11-17 22:17:31 +0100",1.36.1,Plots,1872,502,231,173,515,254,160,3,34
5fd4d605,"fix `minorticks` (#4528)","2022-11-21 11:44:33 +0100",1.36.2,Plots,1875,503,232,173,516,254,160,3,34
3e853192,"fix padding with inset plots (#4535)","2022-11-21 17:20:23 +0100",1.36.2,Plots,1878,505,232,174,516,254,160,3,34
66b212b1,"improve `heatmap_edges` performance (#4539)","2022-11-22 22:15:07 +0100",1.36.3,Plots,1884,506,231,174,521,255,160,3,34
eb999909,"enhance `gr` log scales - support `gaston` `contourf` (#4541)","2022-11-23 14:19:51 +0100",1.36.3,Plots,1885,506,231,174,522,255,160,3,34
39403471,"implement `:best` legend place holder (#4536)","2022-11-24 14:06:50 -0300",1.36.4,Plots,1890,506,231,174,527,255,160,3,34
17e7d4c6,"add `num_minor_intervals` helper (#4548)","2022-11-24 18:44:48 +0100",1.36.4,Plots,1891,506,231,174,528,255,160,3,34
7e987599,"fix docs (#4550)","2022-11-24 21:50:37 +0100",1.36.4,Plots,1892,506,231,174,529,255,160,3,34
7bb8f6ae,"`gaston`: general improvements (#4553)","2022-11-25 23:54:28 +0100",1.36.4,Plots,1835,447,231,175,530,255,160,3,34
9577dee9,"pad ref images (#4554)","2022-11-27 00:31:07 +0100",1.36.4,Plots,1894,507,231,174,530,255,160,3,34
497cec4d,"support scale in `get_...color` (#4558)","2022-11-27 16:38:07 +0100",1.36.5,Plots,1897,507,231,174,533,255,160,3,34
d9f50b4b,"hotfix: support a `y` indexing different from `x` (#4562)","2022-11-28 09:21:25 -0300",1.36.5,Plots,1898,507,231,174,534,255,160,3,34
5c80d289,"`guess_best_legend_position`: support cyclic indexing  (#4563)","2022-11-29 14:51:21 -0300",1.36.6,Plots,1897,507,231,174,533,255,160,3,34
965d2d17,"`plotly`: scale colorbar size with plot size (#4569)","2022-11-30 00:57:43 -0800",1.36.6,Plots,1898,508,231,174,533,255,160,3,34
0d3abda6,"`pythonplot`: add backend (#4542)","2022-12-02 09:51:51 +0100",1.36.6,Plots,1913,521,232,175,533,255,160,3,34
a1ad4c9a,"select `Plots` backend via `Preferences` (or env variable) (#4566)","2022-12-04 18:22:26 +0100",1.36.6-dev,Plots,1866,506,227,173,512,255,157,3,33
6d0f42b0,"consider only visible data - sample all (#4575)","2022-12-04 16:16:04 -0300",1.36.6-dev,Plots,1864,506,227,173,510,255,157,3,33
f4924026,"fix `plotly` loading (#4584)","2022-12-07 18:56:59 +0100",1.37.0-dev,Plots,1869,509,227,175,510,255,157,3,33
fb83ea2e,"restore inset bbox (#4588)","2022-12-07 22:39:03 +0100",1.37.1-dev,Plots,1815,449,227,176,515,255,157,3,33
5480cb35,"fix macro (#4592)","2022-12-08 08:10:48 +0100",1.37.1-dev,Plots,1869,510,227,175,509,255,157,3,33
e01af5a6,"fix tick formatter with functions returning numerical values (#4618)","2023-01-06 21:18:23 +0100",1.38.1-dev,Plots,1871,510,227,175,511,255,157,3,33
01d6d89f,"remove `PLOTS_PRECOMPILE` env var (#4630)","2023-01-12 13:26:14 +0100",1.38.1-dev,Plots,1812,450,227,176,511,255,157,3,33
cda1b835,"Plots 1.38.2","2023-01-12 15:57:05 +0100",1.38.2,Plots,1871,510,227,175,511,255,157,3,33
07380ea1,"package extensions - weak deps (#4649)","2023-02-16 08:53:39 +0100",1.38.5-dev,Plots,1863,507,224,172,511,256,157,3,33
65cf8a1b,"restore `Plots.unzip` (#4670)","2023-02-17 08:40:05 +0100",1.38.5-dev,Plots,1864,507,224,172,512,256,157,3,33
20726c88,"`UnicodePlots`: support disabling axis ticks  (#4681)","2023-03-06 08:45:50 +0000",1.38.6-dev,Plots,1871,511,225,173,513,256,157,3,33
